科目区分1,科目区分2,科目名称,配当年次,DP1-1,DP1-2,DP1-3,DP1-4,DP1-5,-,DP2-1,DP2-2,DP2-3,DP2-4,DP2-5,DP3-1,DP3-2,DP3-3,DP3-4,DP3-5,DP3-6,DP4-1,DP4-2,DP4-3
スポーツマネジメント学科専門科目,基礎科目,経済学の基礎,1,〇,,◎,〇,,,◎,〇,,〇,,◎,〇,〇,,〇,,〇,〇,◎
スポーツマネジメント学科専門科目,基礎科目,社会学の基礎,1,〇,,◎,〇,,,◎,〇,,〇,,◎,〇,〇,,,〇,〇,〇,◎
スポーツマネジメント学科専門科目,基礎科目,法学の基礎,1,〇,,◎,〇,,,◎,〇,,〇,,◎,〇,〇,,〇,,〇,〇,◎
スポーツマネジメント学科専門科目,基礎科目,政治学の基礎,1,〇,,◎,〇,,,◎,〇,,〇,,◎,〇,〇,,〇,,〇,〇,◎
スポーツマネジメント学科専門科目,基礎科目,文章表現法Ⅰ,1,◎,,〇,〇,,,◎,,,〇,〇,◎,◎,,〇,〇,,〇,〇,◎
スポーツマネジメント学科専門科目,基礎科目,文章表現法Ⅱ,1,◎,,,〇,〇,,◎,,,〇,〇,◎,◎,,〇,〇,,〇,〇,◎
スポーツマネジメント学科専門科目,スポーツマネジメント基本科目（ビジネス・産業）,eスポーツ概論,1,〇,,◎,〇,,,,◎,〇,〇,,○,○,○,◎,,,◎,〇,〇
スポーツマネジメント学科専門科目,スポーツマネジメント基本科目（ビジネス・産業）,コミニティスポーツ論,1,,,〇,◎,◎,,◎,〇,,〇,,〇,◎,,,〇,,〇,〇,◎
スポーツマネジメント学科専門科目,スポーツマネジメント基本科目（ビジネス・産業）,スポーツイベント概論,1,〇,,◎,〇,,,◎,〇,〇,,,◎,〇,〇,,,,◎,〇,〇
スポーツマネジメント学科専門科目,スポーツマネジメント基本科目（ビジネス・産業）,スポーツ映像概論,1,〇,〇,◎,〇,,,,◎,〇,〇,,,〇,〇,◎,〇,,〇,◎,〇
スポーツマネジメント学科専門科目,スポーツマネジメント基本科目（ビジネス・産業）,スポーツ経済学,1,〇,〇,◎,〇,,,〇,◎,〇,,,◎,〇,〇,,,,◎,〇,〇
スポーツマネジメント学科専門科目,スポーツマネジメント基本科目（ビジネス・産業）,スポーツマネジメント論,1,○,,○,◎,◎,,,◎,○,,○,◎,○,,,○,,〇,○,◎
スポーツマネジメント学科専門科目,スポーツマネジメント基本科目（ビジネス・産業）,ボランティア論,1,○,,○,◎,,,,◎,○,○,,○,,◎,○,,,◎,○,○
スポーツマネジメント学科専門科目,スポーツマネジメント基本科目（ビジネス・産業）,eスポーツ文化論,2,◎,,○,○,,,◎,○,○,,,◎,○,○,○,,,〇,〇,◎
スポーツマネジメント学科専門科目,スポーツマネジメント基本科目（ビジネス・産業）,アダプテッドスポーツ論,2,,,〇,◎,〇,,,〇,〇,◎,,,,◎,〇,〇,,◎,〇,〇
スポーツマネジメント学科専門科目,スポーツマネジメント基本科目（ビジネス・産業）,会計学,2,〇,,◎,〇,〇,,〇,◎,〇,,,◎,,〇,◎,,,〇,◎,〇
スポーツマネジメント学科専門科目,スポーツマネジメント基本科目（ビジネス・産業）,クラブマネジメント,2,〇,,〇,◎,〇,,,◎,〇,〇,〇,〇,◎,,,〇,,◎,〇,〇
スポーツマネジメント学科専門科目,スポーツマネジメント基本科目（ビジネス・産業）,経営戦略論,2,〇,◎,〇,〇,,,,◎,〇,〇,,◎,〇,〇,〇,,,〇,〇,◎
スポーツマネジメント学科専門科目,スポーツマネジメント基本科目（ビジネス・産業）,スポーツイベント（スポーツコンテンツ）,2,〇,〇,◎,〇,,,◎,〇,〇,,,◎,〇,〇,,,,◎,〇,〇
スポーツマネジメント学科専門科目,スポーツマネジメント基本科目（ビジネス・産業）,スポーツイベント演習,2,,〇,〇,◎,〇,,,,〇,◎,〇,,〇,〇,〇,◎,,〇,◎,〇
スポーツマネジメント学科専門科目,スポーツマネジメント基本科目（ビジネス・産業）,スポーツイベント基本（PA基礎）,2,〇,,◎,〇,,,◎,〇,〇,,,〇,,〇,◎,,,〇,〇,◎
スポーツマネジメント学科専門科目,スポーツマネジメント基本科目（ビジネス・産業）,スポーツ映像表現演習,2,〇,,〇,◎,〇,,,,〇,◎,〇,,〇,〇,◎,◎,,〇,◎,〇
スポーツマネジメント学科専門科目,スポーツマネジメント基本科目（ビジネス・産業）,スポーツ映像音響論,2,◎,,〇,〇,,,◎,〇,〇,,,◎,〇,〇,〇,,,〇,〇,◎
スポーツマネジメント学科専門科目,スポーツマネジメント基本科目（ビジネス・産業）,スポーツ施設マネジメント論,2,◎,,〇,〇,,,〇,◎,〇,,,◎,〇,,〇,,,〇,◎,〇
スポーツマネジメント学科専門科目,スポーツマネジメント基本科目（ビジネス・産業）,スポーツジャーナリズム論,2,,,○,○,◎,,○,,,○,◎,○,○,,,◎,,○,○,◎
スポーツマネジメント学科専門科目,スポーツマネジメント基本科目（ビジネス・産業）,スポーツとメディア,2,,,○,○,◎,,○,○,◎,,,○,○,,,◎,,○,○,◎
スポーツマネジメント学科専門科目,スポーツマネジメント基本科目（ビジネス・産業）,スポーツビジネス論Ⅰ,2,○,,◎,○,○,,○,◎,,○,,◎,○,,,○,,○,〇,◎
スポーツマネジメント学科専門科目,スポーツマネジメント基本科目（ビジネス・産業）,ビジネスプランニング,2,,〇,◎,〇,〇,,,〇,〇,◎,,〇,◎,〇,,〇,,〇,〇,◎
スポーツマネジメント学科専門科目,スポーツマネジメント基本科目（ビジネス・産業）,マーケティング論,2,〇,,◎,〇,,,〇,◎,〇,,,◎,〇,,,〇,,〇,〇,◎
スポーツマネジメント学科専門科目,スポーツマネジメント基本科目（ビジネス・産業）,まちづくり政策論,2,〇,〇,◎,〇,,,〇,◎,〇,,,◎,〇,〇,,,,〇,◎,〇
スポーツマネジメント学科専門科目,スポーツマネジメント基本科目（ビジネス・産業）,幼児体育論,2,〇,,◎,〇,,,◎,〇,〇,,,◎,〇,〇,,,,◎,〇,〇
スポーツマネジメント学科専門科目,スポーツマネジメント基本科目（健康・科学）,機能解剖学,1,◯,,◎,〇,〇,,◎,〇,〇,,,◎,〇,,,,〇,〇,〇,◎
スポーツマネジメント学科専門科目,スポーツマネジメント基本科目（健康・科学）,健康教育法,1,,,◎,〇,〇,,◎,〇,〇,,,◎,〇,,,〇,,〇,〇,◎
スポーツマネジメント学科専門科目,スポーツマネジメント基本科目（健康・科学）,現代スポーツ概論,1,,,◎,○,○,,◎,○,○,,,○,○,,,◎,,○,○,◎
スポーツマネジメント学科専門科目,スポーツマネジメント基本科目（健康・科学）,コーチング論,1,◯,,◯,◎,◯,,◯,◯,,◎,,◯,,◯,,◎,,◯,◯,◎
スポーツマネジメント学科専門科目,スポーツマネジメント基本科目（健康・科学）,食と健康,1,◎,,◯,◯,,,◎,◯,◯,,,◎,◯,◯,,,,◯,◯,◎
スポーツマネジメント学科専門科目,スポーツマネジメント基本科目（健康・科学）,スポーツアナリスト概論,1,,,◎,〇,〇,,◎,,,〇,〇,◎,〇,,〇,,,〇,〇,◎
スポーツマネジメント学科専門科目,スポーツマネジメント基本科目（健康・科学）,スポーツ教育論,1,◎,◯,◯,◯,,,,,,,,◎,〇,◎,,,,〇,◎,〇
スポーツマネジメント学科専門科目,スポーツマネジメント基本科目（健康・科学）,スポーツ史,1,,,◎,〇,〇,,◎,〇,〇,,,◎,〇,〇,,,,〇,〇,◎
スポーツマネジメント学科専門科目,スポーツマネジメント基本科目（健康・科学）,スポーツ生理学,1,◯,,◎,〇,〇,,◎,〇,〇,,,◎,〇,,,,〇,〇,〇,◎
スポーツマネジメント学科専門科目,スポーツマネジメント基本科目（健康・科学）,トレーニング論,1,〇,,◎,〇,,,◎,〇,〇,,,◎,,〇,〇,〇,,〇,〇,◎
スポーツマネジメント学科専門科目,スポーツマネジメント基本科目（健康・科学）,公衆衛生学,2,◯,,◎,〇,〇,,◎,〇,〇,,,◎,〇,,,,〇,〇,〇,◎
スポーツマネジメント学科専門科目,スポーツマネジメント基本科目（健康・科学）,スポーツ医学（整形外科）,2,◯,,◎,〇,〇,,◎,〇,〇,,,◎,〇,,,,〇,〇,〇,◎
スポーツマネジメント学科専門科目,スポーツマネジメント基本科目（健康・科学）,スポーツ医学（内科）,2,◯,,◎,〇,〇,,◎,〇,〇,,,◎,〇,,,,〇,〇,〇,◎
スポーツマネジメント学科専門科目,スポーツマネジメント基本科目（健康・科学）,スポーツ社会学,2,,,〇,◎,〇,,,〇,〇,◎,,,〇,,,◎,〇,◎,〇,〇
スポーツマネジメント学科専門科目,スポーツマネジメント基本科目（健康・科学）,スポーツ心理学,2,〇,◎,〇,,,,〇,◎,〇,,,◎,〇,◎,,,,◎,〇,〇
スポーツマネジメント学科専門科目,スポーツマネジメント基本科目（健康・科学）,スポーツデータ解析演習（ゴール型）,2,,,◎,〇,〇,,,,◎,〇,〇,◎,,,〇,〇,,〇,〇,◎
スポーツマネジメント学科専門科目,スポーツマネジメント基本科目（健康・科学）,スポーツデータ解析演習（ベースボール型）,2,,,◎,〇,〇,,,,◎,〇,〇,◎,,,〇,〇,,〇,〇,◎
スポーツマネジメント学科専門科目,スポーツマネジメント基本科目（健康・科学）,スポーツデータ解析の理論（ベースボール型）,2,,,◎,〇,〇,,,◎,,〇,〇,◎,,,〇,〇,,〇,〇,◎
スポーツマネジメント学科専門科目,スポーツマネジメント基本科目（健康・科学）,スポーツデータ解析の理論（ゴール型）,2,,,◎,〇,〇,,,◎,,〇,〇,◎,,,〇,〇,,〇,〇,◎
スポーツマネジメント学科専門科目,スポーツマネジメント基本科目（健康・科学）,スポーツ哲学（体育原理）,2,〇,,◎,〇,,,〇,◎,〇,,,◎,〇,〇,,,,〇,〇,◎
スポーツマネジメント学科専門科目,スポーツマネジメント基本科目（健康・科学）,スポーツ動作解析,2,,,◎,〇,〇,,,◎,〇,〇,〇,,〇,〇,◎,〇,,〇,〇,◎
スポーツマネジメント学科専門科目,スポーツマネジメント基本科目（健康・科学）,スポーツ法学,2,◎,〇,〇,〇,,,〇,〇,〇,◎,,◎,〇,〇,,,,〇,〇,◎
スポーツマネジメント学科専門科目,スポーツマネジメント基本科目（健康・科学）,発育発達論,2,◯,,◎,〇,〇,,◎,〇,〇,,,◎,〇,,,,〇,〇,〇,◎
スポーツマネジメント学科専門科目,スポーツマネジメント基本科目（健康・科学）,野外活動教育論,2,◎,◯,,◯,◯,,〇,〇,〇,◎,,〇,〇,◎,,〇,,◎,〇,〇
スポーツマネジメント学科専門科目,スポーツマネジメント基本科目（健康・科学）,レクリエーション演習,2,〇,◎,〇,,〇,,,〇,〇,◎,〇,,〇,,〇,◎,〇,◎,〇,〇
スポーツマネジメント学科専門科目,スポーツマネジメント基本科目（健康・科学）,レクリエーション概論,2,◎,〇,〇,〇,,,◎,〇,〇,,,〇,〇,◎,,〇,,〇,◎,〇
スポーツマネジメント学科専門科目,スポーツマネジメント展開科目（ビジネス・産業）,スポーツマネジメント実習Ⅰ,3,◎,,◎,〇,,,〇,◎,◎,,,◎,〇,◎,〇,,〇,◎,◎,〇
スポーツマネジメント学科専門科目,スポーツマネジメント展開科目（ビジネス・産業）,スポーツマネジメント実習Ⅱ,3,〇,〇,〇,◎,◎,,,〇,〇,◎,◎,〇,◎,◎,◎,〇,〇,〇,◎,◎
スポーツマネジメント学科専門科目,スポーツマネジメント展開科目（ビジネス・産業）,スポーツ行政学,3,〇,,〇,◎,◎,,,〇,◎,◎,〇,〇,◎,,〇,,,◎,〇,〇
スポーツマネジメント学科専門科目,スポーツマネジメント展開科目（ビジネス・産業）,スポーツビジネス論Ⅱ,3,,,○,○,◎,,,○,◎,,○,○,○,,,◎,,,○,◎
スポーツマネジメント学科専門科目,スポーツマネジメント展開科目（ビジネス・産業）,スポーツマーケティング演習,3,,,◎,○,○,,○,◎,○,,○,,○,○,○,◎,,○,○,◎
スポーツマネジメント学科専門科目,スポーツマネジメント展開科目（ビジネス・産業）,スポーツ社会調査論,3,,,◎,○,○,,○,◎,○,,,○,○,,◎,○,,○,○,◎
スポーツマネジメント学科専門科目,スポーツマネジメント展開科目（ビジネス・産業）,スポーツビジネスプランニング演習,3,,〇,〇,◎,〇,,,〇,〇,◎,,〇,◎,〇,,〇,,〇,〇,◎
スポーツマネジメント学科専門科目,スポーツマネジメント展開科目（ビジネス・産業）,スポーツ施設マネジメント演習,3,,,○,◎,○,,,◎,◎,○,○,,○,,○,◎,,○,○,◎
スポーツマネジメント学科専門科目,スポーツマネジメント展開科目（ビジネス・産業）,チームマネジメント論,3,○,○,,,◎,,〇,,○,◎,○,○,◎,○,,,,◎,○,〇
スポーツマネジメント学科専門科目,スポーツマネジメント展開科目（ビジネス・産業）,スポーツブランド論,3,,,〇,◎,〇,,,〇,〇,◎,,◎,〇,,,〇,〇,〇,〇,◎
スポーツマネジメント学科専門科目,スポーツマネジメント展開科目（ビジネス・産業）,スポーツとまちづくり,3,,,○,○,◎,,,,○,○,◎,○,○,,,◎,,○,○,◎
スポーツマネジメント学科専門科目,スポーツマネジメント展開科目（ビジネス・産業）,スポーツツーリズム,3,,,○,○,◎,,,,○,○,◎,○,○,,,◎,,○,○,◎
スポーツマネジメント学科専門科目,スポーツマネジメント展開科目（ビジネス・産業）,スポーツ映像制作（基礎）,3,○,,◎,○,,,,,,◎,○,○,○,,◎,,,◎,○,○
スポーツマネジメント学科専門科目,スポーツマネジメント展開科目（ビジネス・産業）,スポーツ映像制作（応用）,3,,○,,◎,○,,,,○,○,◎,,○,○,◎,◎,,○,◎,○
スポーツマネジメント学科専門科目,スポーツマネジメント展開科目（ビジネス・産業）,スポーツ映像（映画・音楽）,3,,,◎,○,○,,○,,,○,◎,○,○,,,◎,,○,○,◎
スポーツマネジメント学科専門科目,スポーツマネジメント展開科目（ビジネス・産業）,eスポーツビジネス論,3,,,○,○,◎,,,,○,○,◎,,,○,◎,○,,○,○,◎
スポーツマネジメント学科専門科目,スポーツマネジメント展開科目（ビジネス・産業）,アダプテッドスポーツ演習,3,,◎,○,○,○,,,,○,◎,○,,○,○,,◎,○,◎,◎,○
スポーツマネジメント学科専門科目,スポーツマネジメント展開科目（ビジネス・産業）,スポーツイベント展開（ライブPA）,3,,◎,○,○,○,,,,○,◎,○,,○,○,◎,○,,○,◎,○
スポーツマネジメント学科専門科目,スポーツマネジメント展開科目（健康・科学）,バイオメカニクス,3,,,◎,〇,〇,,,〇,◎,,〇,〇,◎,,,,〇,〇,〇,◎
スポーツマネジメント学科専門科目,スポーツマネジメント展開科目（健康・科学）,トレーニング演習,3,,,〇,〇,◎,,,,〇,◎,〇,,〇,〇,,◎,,〇,◎,〇
スポーツマネジメント学科専門科目,スポーツマネジメント展開科目（健康・科学）,コーチング演習,3,,〇,,〇,◎,,,,〇,〇,◎,,〇,〇,,◎,,〇,〇,◎
スポーツマネジメント学科専門科目,スポーツマネジメント展開科目（健康・科学）,スポーツデータ解析の理論（ネット型）,3,,,◎,〇,〇,,,◎,,〇,〇,◎,,,〇,〇,,〇,〇,◎
スポーツマネジメント学科専門科目,スポーツマネジメント展開科目（健康・科学）,スポーツデータ解析の演習（ネット型）,3,,,◎,〇,〇,,,,◎,〇,〇,◎,,,〇,〇,,〇,〇,◎
スポーツマネジメント学科専門科目,スポーツマネジメント展開科目（健康・科学）,スポーツ栄養学,3,◯,,◎,◯,,,,◎,◯,◯,,◎,〇,〇,,〇,,〇,〇,◎
スポーツマネジメント学科専門科目,スポーツマネジメント展開科目（健康・科学）,レクリエーション実習,3,◯,,◎,◯,,,◯,◎,,◯,,◯,◯,◯,,◎,,〇,〇,◎
スポーツマネジメント学科専門科目,スポーツマネジメント展開科目（健康・科学）,救急処置・テーピング演習,3,,〇,〇,〇,◎,,,〇,〇,◎,〇,,〇,◎,,〇,,〇,〇,◎
スポーツマネジメント学科専門科目,スポーツマネジメント展開科目（健康・科学）,幼児体育演習,3,〇,◎,〇,〇,,,,,〇,◎,〇,,〇,◎,〇,◎,,〇,◎,〇
スポーツマネジメント学科専門科目,スポーツマネジメント展開科目（健康・科学）,ジュニアスポーツ演習,3,,〇,〇,〇,◎,,,,〇,◎,〇,,〇,〇,,◎,,〇,〇,◎
スポーツマネジメント学科専門科目,スポーツマネジメント展開科目（健康・科学）,サッカー指導法Ⅰ,3,,◎,,〇,〇,,◎,〇,〇,,,,〇,〇,,◎,,〇,〇,◎
スポーツマネジメント学科専門科目,スポーツマネジメント展開科目（健康・科学）,サッカー指導法Ⅱ,3,,◎,,〇,〇,,◎,〇,〇,,,,〇,〇,,◎,,〇,〇,◎
スポーツマネジメント学科専門科目,スポーツマネジメント展開科目（健康・科学）,スタジオエクササイズ・トレーニング＆フィットネス,3,◯,,◎,◯,,,◯,◎,,◯,,◯,◯,◯,,◎,,〇,〇,◎
スポーツマネジメント学科専門科目,スポーツマネジメント展開科目（健康・科学）,スタジオエクササイズ・ピラティス,3,◎,◯,,,◯,,,〇,◎,〇,,,◯,◎,,◯,,〇,◎,〇
スポーツマネジメント学科専門科目,スポーツマネジメント展開科目（健康・科学）,スタジオエクササイズ・ヨガ,3,◎,◯,,,◯,,,〇,◎,〇,,,◯,◎,,◯,,〇,◎,〇
スポーツマネジメント学科専門科目,実技・実習科目,スポーツ方法・体つくり運動,1,,,◎,〇,〇,,,,,◎,〇,〇,,◎,,〇,,◎,〇,〇
スポーツマネジメント学科専門科目,実技・実習科目,スポーツ方法・器械運動,1,,,◎,〇,〇,,,,,◎,〇,〇,,◎,,〇,,◎,〇,〇
スポーツマネジメント学科専門科目,実技・実習科目,スポーツ方法・球技A（サッカー・ラグビー）,1,,,◎,〇,〇,,,,,◎,〇,〇,,◎,,〇,,◎,〇,〇
スポーツマネジメント学科専門科目,実技・実習科目,スポーツ方法・球技B（バスケットボール・ハンドボール）,1,,,◎,〇,〇,,,,,◎,〇,〇,,◎,,〇,,◎,〇,〇
スポーツマネジメント学科専門科目,実技・実習科目,スポーツ方法・球技C（バレーボール・バドミントン）,1,,,◎,〇,〇,,,,,◎,〇,〇,,◎,,〇,,◎,〇,〇
スポーツマネジメント学科専門科目,実技・実習科目,スポーツ方法・柔道,1,,,◎,〇,〇,,,,,◎,〇,〇,,◎,,〇,,◎,〇,〇
スポーツマネジメント学科専門科目,実技・実習科目,スポーツ方法・剣道,1,,,◎,〇,〇,,,,,◎,〇,〇,,◎,,〇,,◎,〇,〇
スポーツマネジメント学科専門科目,実技・実習科目,スポーツ方法・水泳,1,,,◎,〇,〇,,,,,◎,〇,〇,,◎,,〇,,◎,〇,〇
スポーツマネジメント学科専門科目,実技・実習科目,スポーツ方法・ソフトボール,1,,,◎,〇,〇,,,,,◎,〇,〇,,◎,,〇,,◎,〇,〇
スポーツマネジメント学科専門科目,実技・実習科目,スポーツ方法・ダンス,1,,,◎,〇,〇,,,,,◎,〇,〇,,◎,,〇,,◎,〇,〇
スポーツマネジメント学科専門科目,実技・実習科目,スポーツ方法・陸上競技,1,,,◎,〇,〇,,,,,◎,〇,〇,,◎,,〇,,◎,〇,〇
スポーツマネジメント学科専門科目,実技・実習科目,雪上実習,2,,,◎,〇,〇,,,,,◎,〇,〇,,◎,,〇,,◎,〇,〇
スポーツマネジメント学科専門科目,実技・実習科目,野外実習,2,,,◎,〇,〇,,,,,◎,〇,〇,,◎,,〇,,◎,〇,〇
スポーツマネジメント学科専門科目,キャリア,教職キャリアデザインⅠ,3,◎,〇,〇,,,,,〇,,◎,〇,,〇,〇,,◎,,〇,,◎
スポーツマネジメント学科専門科目,キャリア,教職キャリアデザインⅡ,3,◎,,,〇,〇,,,,〇,◎,〇,〇,◎,,,〇,,,〇,◎
スポーツマネジメント学科専門科目,ゼミナール,基礎演習,1,◎,〇,〇,,,,◎,〇,,,,〇,〇,◎,〇,〇,,◎,〇,〇
スポーツマネジメント学科専門科目,ゼミナール,プレゼミ,2,〇,〇,◎,,,,,〇,◎,,,〇,,◎,〇,,〇,◎,〇,〇
スポーツマネジメント学科専門科目,ゼミナール,総合演習Ⅰ,3,,,〇,◎,〇,,,,,◎,〇,◎,,〇,〇,,,〇,◎,〇
スポーツマネジメント学科専門科目,ゼミナール,総合演習Ⅱ,3,,,〇,◎,〇,,,,,◎,〇,◎,,〇,〇,,,〇,◎,〇
スポーツマネジメント学科専門科目,ゼミナール,卒業研究Ⅰ,4,,,〇,〇,◎,,,,,〇,◎,,◎,,,〇,〇,〇,〇,◎
スポーツマネジメント学科専門科目,ゼミナール,卒業研究Ⅱ,4,,,〇,〇,◎,,,,,〇,◎,,◎,,,〇,〇,〇,〇,◎